{"cr-info":"","thunderbolt":"","pin-3":"","oxp-pin":"","earth":"","wtr-fog01":"","wtr-rain01":"","wtr-mooncloud":"","wtr-rain03":"","wtr-sun04":"","wtr-cloud01":"","wtr-suncloud":"","wtr-thunder03":"","wtr-clouds02":"","wtr-snow02":"","wtr-clouds01":"","lm-burjelarab":"","lm-credentor":"","lm-empirestate":"","lm-china":"","lm-bigben":"","lm-eiffel1":"","lm-pyramids2":"","lm-athens":"","lm-moscow":"","lm-colosseum":"","lm-hagiasophia":"","lm-brandenburg":"","mapmarker-00":"","search":"","cr2-info":"","kub-warning":"","weblink_2":"","chevron-up":"","chevron-down":"","thermo":"","wtr-celcius":"","wtr-fahrenheit":""}